                                         /* Insertion into F21_S003_5_user_zip_street */ 

insert into F21_S003_5_user_zip_streett values(57275, '2 Algoma Hill');
insert into F21_S003_5_user_zip_streett values(88079, '5 Donald Court');
insert into F21_S003_5_user_zip_streett values(62974,	'0 Continental Place');
insert into F21_S003_5_user_zip_streett values(53635, '3121 Burning Wood Avenue');
insert into F21_S003_5_user_zip_streett values(66512, '2 Lawn Alley');
insert into F21_S003_5_user_zip_streett values(81013, '3559 Sage Terrace');
insert into F21_S003_5_user_zip_streett values(39970, '68 Hintze Place');
insert into F21_S003_5_user_zip_streett values(33058, '4 Blaine Road');
insert into F21_S003_5_user_zip_streett values(98146, '38 Carberry Plaza');
insert into F21_S003_5_user_zip_streett values(19144,	'56694 Mallard Court');
insert into F21_S003_5_user_zip_streett values(10571,	'5 Schiller Junction');
insert into F21_S003_5_user_zip_streett values(68969,	'6 Mifflin Lane');
insert into F21_S003_5_user_zip_streett values(86752,	'1 Loeprich Pass');
insert into F21_S003_5_user_zip_streett values(4995, '48 Barby Court');
insert into F21_S003_5_user_zip_streett values(47011, '105 Bluestem Circle');
insert into F21_S003_5_user_zip_streett values(13504, '108 Amoth Point');
insert into F21_S003_5_user_zip_streett values(38601,	'71562 Dexter Plaza');
insert into F21_S003_5_user_zip_streett values(33447,	'1 Talisman Junction');
insert into F21_S003_5_user_zip_streett values(14898,	'5477 Gina Place');
insert into F21_S003_5_user_zip_streett values(52429,	'2045 Hovde Street');
insert into F21_S003_5_user_zip_streett values(45238,	'0 Crownhardt Junction');
insert into F21_S003_5_user_zip_streett values(94661,	'44 Del Mar Center');
insert into F21_S003_5_user_zip_streett values(46484,	'55935 Melvin Point');
insert into F21_S003_5_user_zip_streett values(12840,	'28570 Arapahoe Center');
insert into F21_S003_5_user_zip_streett values(4022,	'18 Fisk Terrace');
insert into F21_S003_5_user_zip_streett values(26704,	'719 Knutson Alley');
insert into F21_S003_5_user_zip_streett values(63494,	'4783 Mandrake Drive');
insert into F21_S003_5_user_zip_streett values(32552,	'99166 Surrey Hill');
insert into F21_S003_5_user_zip_streett values(42248,	'2922 Mandrake Way');
insert into F21_S003_5_user_zip_streett values(16610,	'0 Lillian Avenue');
insert into F21_S003_5_user_zip_streett values(76707,	'9 Goodland Road');
insert into F21_S003_5_user_zip_streett values(87027,	'22515 Ohio Avenue');
insert into F21_S003_5_user_zip_streett values(19591,	'415 Erie Way');
insert into F21_S003_5_user_zip_streett values(82497,	'980 North Street');
insert into F21_S003_5_user_zip_streett values(22391,	'76 Namekagon Street');
insert into F21_S003_5_user_zip_streett values(91542,	'0 Summerview Pass');
insert into F21_S003_5_user_zip_streett values(46441,	'0 Eastlawn Way');
insert into F21_S003_5_user_zip_streett values(66963,	'1961 Garrison Hill');
insert into F21_S003_5_user_zip_streett values(29019,	'2333 Pine View Parkway');
insert into F21_S003_5_user_zip_streett values(74626,	'08 Monterey Place');
insert into F21_S003_5_user_zip_streett values(73441,	'11 Corben Way');
insert into F21_S003_5_user_zip_streett values(15000,	'042 Morning Hill');
insert into F21_S003_5_user_zip_streett values(32625,	'441 Little Fleur Road');
insert into F21_S003_5_user_zip_streett values(31273,	'2728 Hazelcrest Plaza');
insert into F21_S003_5_user_zip_streett values(48621,	'85099 Garrison Point');
insert into F21_S003_5_user_zip_streett values(52612,	'6863 Beilfuss Terrace');
insert into F21_S003_5_user_zip_streett values(20916,	'69 Fordem Drive');
insert into F21_S003_5_user_zip_streett values(66433,	'26190 Eastlawn Alley');
insert into F21_S003_5_user_zip_streett values(72699,	'7 Sunnyside Avenue'); 
insert into F21_S003_5_user_zip_streett values(30784,	'586 Duke Trail'); 


                                    /* Insertion into F21_S003_5_users */

insert into F21_S003_5_userss values('meb1015',	'Murry', 'Elizabet', 'Beneyto', 'b+ve', 'colorado', 'Aurora', 57275);
insert into F21_S003_5_userss values('bdd9794', 'Barnie', 'Deina', 'Dudbridge', 'a-ve', 'california', 'Long Beach', 88079);
insert into F21_S003_5_userss values('nlj4998',	'Nicko', 'Lianna', 'Jowett', 'ab+ve', 'Florida', 'Miami', 62974);
insert into F21_S003_5_userss values('edv8484',	'Erastus', 'Doug', 'Vizor', 'b+ve', 'Massachusetts', 'Boston', 53635);
insert into F21_S003_5_userss values('abs1912',	'Ally',	'Burch', 'Searle', 'o+ve', 'Kansas', 'Wichita', 66512);
insert into F21_S003_5_userss values('aag4266',	'Aldis', 'Alexandro', 'Giriardelli', 'o+ve', 'California', 'Modesto', 81013);
insert into F21_S003_5_userss values('nig5741',	'Niel', 'Isadora', 'Gowing', 'a+ve', 'Illinois', 'Chicago', 39970);
insert into F21_S003_5_userss values('rir5052',	'Rockwell', 'Ira', 'Robinette',	'b-ve', 'California', 'Fresno', 33058);
insert into F21_S003_5_userss values('gkg6253',	'Giustina', 'Karyl', 'Gopsill',	'o-ve',	'Nebraska', 'Lincoln', 98146);
insert into F21_S003_5_userss values('nbg0222',	 'Noelani',  'Briny',	'Gregoraci', 'ab-ve', 'New Jersey', 'Newark', 19144);
insert into F21_S003_5_userss values('cak4304',	'Cheri', 'Amos', 'Kohnen', 'b-ve', 'Texas', 'Fort Worth', 10571);
insert into F21_S003_5_userss values('bac7544',	'Berk',	'Alleyn', 'Curror', 'o-ve', 'Ohio', 'Cincinnati', 68969);
insert into F21_S003_5_userss values('mcs1064', 'Madeline', 'Cary', 'Starr', 'a+ve', 'Virginia',	'Virginia Beach', 86752);
insert into F21_S003_5_userss values('pwm6744',	'Pippa', 'Will', 'McCay',  'ab+ve', 'Arizona',	'Tucson', 4995);
insert into F21_S003_5_userss values('sac6172',	'Saunders', 'Ainslie', 'Carrick', 'o+ve', 'Texas', 'Lubbock', 47011);
insert into F21_S003_5_userss values('hja7978',	'Hymie', 'Joye', 'Aim',	'b-ve',	'Texas', 'Dallas', 13504);
insert into F21_S003_5_userss values('bnm8100',	'Barb',	'Nowell', 'Malzard', 'ab-ve', 'Tennessee', 'Memphis', 38601);
insert into F21_S003_5_userss values('eeg4502',	'Eudora', 'Eleen', 'Grealy', 'a+ve', 'Colorado', 'Colorado Springs', 33447);
insert into F21_S003_5_userss values('vxw4651',	'Vanda', 'Xever', 'Whymark', 'o+ve', 'New York', 'North Hempstead', 14898);
insert into F21_S003_5_userss values('pgm5275',	'Parker', 'Gregorius', 'Minogue', 'a+ve',  'California', 'San Diego', 52429);
insert into F21_S003_5_userss values('dof9573',	'Daren', 'Osborn', 'Fiddler',	'b+ve',	'California', 'San Bernardino', 45238);
insert into F21_S003_5_userss values('dwc2500',	'Desiree', 'Wylma', 'Colbron',	'b+ve',	'Arizona', 'Glendale', 94661);
insert into F21_S003_5_userss values('mev4521',	'Marjorie', 'Elora', 'Vallance', 'o-ve', 'Michigan', 'Detroit', 46484);
insert into F21_S003_5_userss values('ets7343',	'Estelle', 'Teodora',	'Simonetto', 'ab+ve', 'California', 'Los Angeles', 12840);
insert into F21_S003_5_userss values('ojv5234',	'Othilia', 'Jordanna', 'Van de Vlies', 'o+ve', 'Florida', 'St. Petersburg', 4022);
insert into F21_S003_5_userss values('alv3279',	'Ario',	'Lydon', 'Vidgeon', 'a-ve', 'Texas', 'Corpus Christi', 26704);
insert into F21_S003_5_userss values('uvz0186',	'Ulrica', 'Victoir', 'Zanitti',	'b-ve',	'North Carolina', 'Raleigh', 63494);
insert into F21_S003_5_userss values('drd4820',	'Diena', 'Robbin', 'Doley', 'o+ve', 'Nebraska',	'Omaha', 32552);
insert into F21_S003_5_userss values('keb3006',	'Karlyn', 'Erie', 'Blais', 'o-ve', 'Florida',	'Orlando', 42248);
insert into F21_S003_5_userss values('abe5586',	'Aubrette', 'Byrann', 'Esposito', 'ab+ve', 'Texas', 'Austin', 16610);
insert into F21_S003_5_userss values('vvp4567','Von', 'Vittoria', 'Prime','a+', 'Minnesota', 'Minneapolis', 76707);
insert into F21_S003_5_userss values('msm1234','Milty', 'Starr', 'Maxworthy','o-', 'Ohio', 'Cincinnati', 87027);
insert into F21_S003_5_userss values('bmw8907','Boote', 'Mickie', 'Wevell','a-', 'District of Columbia', 'Washington', 19591);
insert into F21_S003_5_userss values('aty3456','Annis', 'Truda', 'Yashanov','ab+', 'Florida', 'Cape Coral', 82497);
insert into F21_S003_5_userss values('dll2345','Dulci', 'Liza', 'Lehemann', 'b+','Ohio', 'Cleveland', 22391);
insert into F21_S003_5_userss values('abd1234','Alden', 'Berti', 'Dougliss', 'b-','Georgia', 'Atlanta', 91542);
insert into F21_S003_5_userss values('aac9098','Austin', 'Alexis', 'Chaize', 'o+','Louisiana', 'New Orleans', 46441);
insert into F21_S003_5_userss values('bal2345','Belicia', 'Alayne', 'Labdon', 'ab-','New York', 'Flushing', 66963);
insert into F21_S003_5_userss values('dad5678','Dillie', 'Aigneis', 'Decruse', 'ab+','Virginia', 'Newport News', 29019);
insert into F21_S003_5_userss values('lng6789','Lawrence', 'Norina', 'Goodluck','o+', 'California', 'Irvine', 74626);
insert into F21_S003_5_userss values('gws6789','Guenevere', 'Windy', 'Swin','a+', 'New York', 'Jamaica', 73441);
insert into F21_S003_5_userss values('amb2345','Artie', 'Maurine', 'Breckenridge','a-', 'Michigan', 'Grand Rapids', 15000);
insert into F21_S003_5_userss values('dcb3434','Dahlia', 'Charmion', 'Bottleson', 'o+','New Mexico', 'Albuquerque', 32625);
insert into F21_S003_5_userss values('nbu8898','Nelle', 'Brandy', 'Upward', 'ab+','Oklahoma', 'Tulsa', 31273);
insert into F21_S003_5_userss values('cpg3323','Camey', 'Penny', 'Gudge', 'b-','Missouri', 'Kansas City', 48621);
insert into F21_S003_5_userss values('hks5678','Hortense', 'Katheryn', 'Stoven','o+', 'Oklahoma', 'Oklahoma City', 52612);
insert into F21_S003_5_userss values('jsm8765','Jermaine', 'Sioux', 'MacHarg','ab+', 'Texas', 'Fort Worth', 20916);
insert into F21_S003_5_userss values('ekb3456','Emilia', 'Kiley', 'Benning', 'b-','Connecticut', 'Fairfield', 66433);
insert into F21_S003_5_userss values('lmb4454','Lorelei', 'Maressa', 'Blincoe','a+', 'Georgia', 'Athens', 72699);
insert into F21_S003_5_userss values('acb2323','Anderson', 'Callie', 'Blancowe','o-', 'California', 'Glendale', 30784);  

                                                    /* Insertion into F21_S003_5_user_email */

insert into F21_S003_5_user_email values('meb1015', 'gstruis0@gmail.com');
insert into F21_S003_5_user_email values('bdd9794', 'bgurrado1@gmail.com');
insert into F21_S003_5_user_email values('nlj4998', 'bitzkovwitch3@gmail.com');
insert into F21_S003_5_user_email values('edv8484', 'cdowgill5@yahoo.com');
insert into F21_S003_5_user_email values('abs1912', 'dklementz7@gmail.com');
insert into F21_S003_5_user_email values('aag4266', 'cruncieman8@gmail.com');
insert into F21_S003_5_user_email values('nig5741', 'epanting9@yahoo.com');
insert into F21_S003_5_user_email values('rir5052', 'bmunninga@yahoo.com');
insert into F21_S003_5_user_email values('gkg6253', 'ehampb@gmail.com');
insert into F21_S003_5_user_email values('nbg0222', 'ckarlowiczc@gmail.com');
insert into F21_S003_5_user_email values('cak4304', 'tledwithd@gmail.com');
insert into F21_S003_5_user_email values('bac7544', 'sgottharde@gmail.com');
insert into F21_S003_5_user_email values('mcs1064', 'cdelaundef@yahoo.com');
insert into F21_S003_5_user_email values('pwm6744', 'kingryh@yahoo.com');
insert into F21_S003_5_user_email values('sac6172', 'gpitcaithleyk@gmail.com');
insert into F21_S003_5_user_email values('hja7978', 'ecaigl@yahoo.com');
insert into F21_S003_5_user_email values('bnm8100', 'ndaycem@gmail.com');
insert into F21_S003_5_user_email values('eeg4502', 'aduffilln@yahoo.com');
insert into F21_S003_5_user_email values('vxw4651', 'alockerp@gmail.com');
insert into F21_S003_5_user_email values('pgm5275', 'tstanleyt@gmail.com');
insert into F21_S003_5_user_email values('dof9573', 'uarnoldu@yahoo.com');
insert into F21_S003_5_user_email values('dwc2500', 'sdonisthorpew@yahoo.com');
insert into F21_S003_5_user_email values('mev4521', 'akemell11@yahoo.com');
insert into F21_S003_5_user_email values('ets7343', 'sdecristofalo12@gmail.com');
insert into F21_S003_5_user_email values('ojv5234', 'vboecke17@yahoo.com');
insert into F21_S003_5_user_email values('alv3279', 'nscolli18@gmail.com');
insert into F21_S003_5_user_email values('uvz0186', 'hsyder19@yahoo.com');
insert into F21_S003_5_user_email values('drd4820', 'msteggals1c@gmail.com');
insert into F21_S003_5_user_email values('keb3006', 'kcotes1k@gmail.com');
insert into F21_S003_5_user_email values('abe5586', 'tclawe1l@yahoo.com');
insert into F21_S003_5_user_email values('vvp4567', 'ibeatens0@gmail.com');
insert into F21_S003_5_user_email values('msm1234', 'mohickee1@gmail.com');
insert into F21_S003_5_user_email values('bmw8907', 'lbalcers2@gmail.com');
insert into F21_S003_5_user_email values('aty3456', 'vmcgeady3@gmail.com');
insert into F21_S003_5_user_email values('dll2345', 'gwickwar4@gmail.com');
insert into F21_S003_5_user_email values('abd1234', 'mdunseath5@gmail.com');
insert into F21_S003_5_user_email values('aac9098', 'nairs6@gmail.com');
insert into F21_S003_5_user_email values('bal2345', 'ljekyll7@gmail.com');
insert into F21_S003_5_user_email values('dad5678', 'rbubbins8@gmail.com');
insert into F21_S003_5_user_email values('lng6789', 'lfarndale9@gmail.com');
insert into F21_S003_5_user_email values('gws6789', 'ahalstona@gmail.com');
insert into F21_S003_5_user_email values('amb2345', 'agerrietb@gmail.com');
insert into F21_S003_5_user_email values('dcb3434', 'ebowenc@gmail.com');
insert into F21_S003_5_user_email values('nbu8898', 'hhalsond@gmail.com');
insert into F21_S003_5_user_email values('cpg3323', 'amcgoverne@gmail.com');
insert into F21_S003_5_user_email values('hks5678', 'cosullivanf@gmail.com');
insert into F21_S003_5_user_email values('jsm8765', 'dmclayg@gmail.com');
insert into F21_S003_5_user_email values('ekb3456', 'bkopelmanh@gmail.com');
insert into F21_S003_5_user_email values('acb2323', 'lwitcherj@gmail.com'); 


                                                   /* Insertion Into F21_S003_5_user_contact */

insert into F21_S003_5_user_contact values('meb1015', 1734853124);
insert into F21_S003_5_user_contact values('bdd9794', 8492899627);
insert into F21_S003_5_user_contact values('nlj4998', 1911026586);
insert into F21_S003_5_user_contact values('edv8484', 6646862629);
insert into F21_S003_5_user_contact values('abs1912', 4311323330);
insert into F21_S003_5_user_contact values('aag4266', 3631977445);
insert into F21_S003_5_user_contact values('nig5741', 7731283849);
insert into F21_S003_5_user_contact values('rir5052', 9525671060);
insert into F21_S003_5_user_contact values('gkg6253', 4622909825);
insert into F21_S003_5_user_contact values('nbg0222', 1743942507);
insert into F21_S003_5_user_contact values('cak4304', 8997681376);
insert into F21_S003_5_user_contact values('bac7544', 2554006508);
insert into F21_S003_5_user_contact values('mcs1064', 6195393504);
insert into F21_S003_5_user_contact values('pwm6744', 8609720603);
insert into F21_S003_5_user_contact values('sac6172', 7077375237);
insert into F21_S003_5_user_contact values('hja7978', 5929495266);
insert into F21_S003_5_user_contact values('bnm8100', 6467923387);
insert into F21_S003_5_user_contact values('eeg4502', 8806640818);
insert into F21_S003_5_user_contact values('vxw4651', 2544260976);
insert into F21_S003_5_user_contact values('pgm5275', 2612434180);
insert into F21_S003_5_user_contact values('dof9573', 7446611157);
insert into F21_S003_5_user_contact values('dwc2500', 3140271176);
insert into F21_S003_5_user_contact values('mev4521', 3890620657);
insert into F21_S003_5_user_contact values('ets7343', 4678893518);
insert into F21_S003_5_user_contact values('ojv5234', 6335425029);
insert into F21_S003_5_user_contact values('alv3279', 6088097031);
insert into F21_S003_5_user_contact values('uvz0186', 6786682970);
insert into F21_S003_5_user_contact values('drd4820', 1364724420);
insert into F21_S003_5_user_contact values('keb3006', 7736444861);
insert into F21_S003_5_user_contact values('abe5586', 8718798632);
insert into F21_S003_5_user_contact values('vvp4567', 3023874266);
insert into F21_S003_5_user_contact values('msm1234', 5110546490);
insert into F21_S003_5_user_contact values('bmw8907', 2065559029);
insert into F21_S003_5_user_contact values('aty3456', 2482492544);
insert into F21_S003_5_user_contact values('dll2345', 8698092948);
insert into F21_S003_5_user_contact values('abd1234', 2018430360);
insert into F21_S003_5_user_contact values('aac9098', 3941491828);
insert into F21_S003_5_user_contact values('bal2345', 9427700226);
insert into F21_S003_5_user_contact values('dad5678', 5872606182);
insert into F21_S003_5_user_contact values('lng6789', 7933307200);
insert into F21_S003_5_user_contact values('gws6789', 5388587432);
insert into F21_S003_5_user_contact values('amb2345', 3192934735);
insert into F21_S003_5_user_contact values('dcb3434', 5421496969);
insert into F21_S003_5_user_contact values('nbu8898', 5142921910);
insert into F21_S003_5_user_contact values('cpg3323', 4910590352);
insert into F21_S003_5_user_contact values('hks5678', 3942428524);
insert into F21_S003_5_user_contact values('jsm8765', 5481015439);
insert into F21_S003_5_user_contact values('ekb3456', 2507053970);
insert into F21_S003_5_user_contact values('lmb4454', 9045335470);
insert into F21_S003_5_user_contact values('acb2323', 4987696054); 

                                          /* Insertion into F21_S003_5_blood_requester */


insert into F21_S003_5_blood_requesterr values('gx993',	'vvp4567', 3,	TO_DATE('2017-11-13', 'YYYY-MM-DD'));
insert into F21_S003_5_blood_requesterr values('tc226',	'msm1234', 2,	TO_DATE('2015-01-13', 'YYYY-MM-DD'));
insert into F21_S003_5_blood_requesterr values('ye417',	'bmw8907', 1,	TO_DATE('2016-12-05', 'YYYY-MM-DD'));
insert into F21_S003_5_blood_requesterr values('es424',	'aty3456', 1,	TO_DATE('2021-01-28', 'YYYY-MM-DD'));
insert into F21_S003_5_blood_requesterr values('ut974',	'dll2345', 2,	TO_DATE('2018-07-04', 'YYYY-MM-DD'));
insert into F21_S003_5_blood_requesterr values('qg168',	'abd1234', 2,	TO_DATE('2020-07-16', 'YYYY-MM-DD'));
insert into F21_S003_5_blood_requesterr values('bu549',	'aac9098', 3,	TO_DATE('2021-01-10', 'YYYY-MM-DD'));
insert into F21_S003_5_blood_requesterr values('ts374',	'bal2345', 3,	TO_DATE('2017-10-28', 'YYYY-MM-DD'));
insert into F21_S003_5_blood_requesterr values('ka535',	'dad5678', 2,	TO_DATE('2015-04-30', 'YYYY-MM-DD'));
insert into F21_S003_5_blood_requesterr values('nz272',	'lng6789', 1,	TO_DATE('2019-07-10', 'YYYY-MM-DD'));
insert into F21_S003_5_blood_requesterr values('sa574',	'gws6789', 2,	TO_DATE('2017-03-19', 'YYYY-MM-DD'));
insert into F21_S003_5_blood_requesterr values('vr778',	'amb2345', 3,	TO_DATE('2016-09-21', 'YYYY-MM-DD'));
insert into F21_S003_5_blood_requesterr values('dr259',	'dcb3434', 1,	TO_DATE('2021-04-26', 'YYYY-MM-DD'));
insert into F21_S003_5_blood_requesterr values('vd430',	'nbu8898', 2,	TO_DATE('2018-01-26', 'YYYY-MM-DD'));
insert into F21_S003_5_blood_requesterr values('ss459',	'cpg3323', 3,	TO_DATE('2017-08-19', 'YYYY-MM-DD'));
insert into F21_S003_5_blood_requesterr values('m502',	'hks5678', 3,	TO_DATE('2020-12-11', 'YYYY-MM-DD'));
insert into F21_S003_5_blood_requesterr values('ub148',	'jsm8765', 2,	TO_DATE('2015-04-30', 'YYYY-MM-DD'));
insert into F21_S003_5_blood_requesterr values('mq812',	'ekb3456', 2,	TO_DATE('2021-04-07', 'YYYY-MM-DD'));
insert into F21_S003_5_blood_requesterr values('fj025',	'lmb4454', 1,	TO_DATE('2020-10-12', 'YYYY-MM-DD'));
insert into F21_S003_5_blood_requesterr values('eg952',	'acb2323', 2,	TO_DATE('2019-07-10', 'YYYY-MM-DD'));

                                         /* Insertion into F21_S003_5_requester_causes */

insert into F21_S003_5_requester_causess values('gx993', 'No', 'Yes');
insert into F21_S003_5_requester_causess values('tc226',	'Yes', 'No');
insert into F21_S003_5_requester_causess values('ye417',	'Yes', 'No');
insert into F21_S003_5_requester_causess values('es424',	'No',	'Yes');
insert into F21_S003_5_requester_causess values('ut974',	'Yes', 	'No');
insert into F21_S003_5_requester_causess values('qg168',	'No',	'Yes');
insert into F21_S003_5_requester_causess values('bu549',	'Yes',	'No');
insert into F21_S003_5_requester_causess values('ts374',	'No',	'Yes');
insert into F21_S003_5_requester_causess values('ka535',	'No',	'Yes');
insert into F21_S003_5_requester_causess values('nz272',	'No', 	'Yes');
insert into F21_S003_5_requester_causess values('sa574',	'Yes',	'No');
insert into F21_S003_5_requester_causess values('vr778',	'No',	'Yes');
insert into F21_S003_5_requester_causess values('dr259',	'No',	'Yes');
insert into F21_S003_5_requester_causess values('vd430',	'Yes',	'No');
insert into F21_S003_5_requester_causess values('ss459',	'Yes',	'Yes');
insert into F21_S003_5_requester_causess values('m502',	'Yes',	'Yes');
insert into F21_S003_5_requester_causess values('ub148',	'No',	'No');
insert into F21_S003_5_requester_causess values('mq812',	'Yes',	'No');
insert into F21_S003_5_requester_causess values('fj025',	'Yes',	'No');
insert into F21_S003_5_requester_causess values('eg952',	'No',	'Yes'); 

    /* Insertion into F21_S003_5_donors */

insert into F21_S003_5_donorss values('ah752', 'meb1015', 60, 55, TO_DATE('2021-07-29','YYYY-MM-DD'));
insert into F21_S003_5_donorss values('mg978', 'bdd9794', 95, 93, TO_DATE('2020-11-13' ,'YYYY-MM-DD'));
insert into F21_S003_5_donorss values('fe436', 'nlj4998', 98, 44, TO_DATE('2018-12-03','YYYY-MM-DD'));
insert into F21_S003_5_donorss values('zf997', 'edv8484', 57, 45, TO_DATE('2019-04-26','YYYY-MM-DD'));
insert into F21_S003_5_donorss values('gl349', 'abs1912', 90, 42, TO_DATE('2016-02-19','YYYY-MM-DD'));
insert into F21_S003_5_donorss values('tk856', 'aag4266', 60, 75, TO_DATE('2021-08-24','YYYY-MM-DD'));
insert into F21_S003_5_donorss values('zc034', 'nig5741', 57, 97, TO_DATE('2021-07-03','YYYY-MM-DD'));
insert into F21_S003_5_donorss values('ws184', 'rir5052', 93, 53, TO_DATE('2020-08-08','YYYY-MM-DD'));
insert into F21_S003_5_donorss values('rd811', 'gkg6253', 82, 92, TO_DATE('2019-08-10','YYYY-MM-DD'));
insert into F21_S003_5_donorss values('mh819','nbg0222', 97, 79, TO_DATE('2021-10-10','YYYY-MM-DD'));
insert into F21_S003_5_donorss values('wj903','cak4304', 72, 34, TO_DATE('2020-06-29','YYYY-MM-DD'));
insert into F21_S003_5_donorss values('hr897', 'bac7544', 82, 83, TO_DATE('2018-11-12','YYYY-MM-DD'));
insert into F21_S003_5_donorss values('dp433', 'mcs1064', 56, 54, TO_DATE('2020-10-11','YYYY-MM-DD'));
insert into F21_S003_5_donorss values('vs822', 'pwm6744', 65, 43, TO_DATE('2017-10-20','YYYY-MM-DD'));
insert into F21_S003_5_donorss values('rk219', 'sac6172', 87, 88, TO_DATE('2019-02-21','YYYY-MM-DD'));
insert into F21_S003_5_donorss values('ge865', 'hja7978', 78, 36, TO_DATE('2021-04-07','YYYY-MM-DD'));
insert into F21_S003_5_donorss values('it135', 'bnm8100', 20, 29, TO_DATE('2021-03-30','YYYY-MM-DD'));
insert into F21_S003_5_donorss values('dw292', 'eeg4502', 29, 86, TO_DATE('2020-07-21','YYYY-MM-DD'));
insert into F21_S003_5_donorss values('bl288', 'vxw4651', 99, 23, TO_DATE('2021-08-20','YYYY-MM-DD'));
insert into F21_S003_5_donorss values('bn037', 'pgm5275', 92, 33, TO_DATE('2021-11-10','YYYY-MM-DD'));
insert into F21_S003_5_donorss values('gj127', 'dof9573', 48, 88, TO_DATE('2020-06-21','YYYY-MM-DD'));
insert into F21_S003_5_donorss values('pb802', 'dwc2500', 91, 41, TO_DATE('2020-01-10','YYYY-MM-DD'));
insert into F21_S003_5_donorss values('ai212', 'mev4521', 19, 58, TO_DATE('2019-05-20','YYYY-MM-DD'));
insert into F21_S003_5_donorss values('fy212', 'ets7343', 39, 25, TO_DATE('2020-10-23','YYYY-MM-DD'));
insert into F21_S003_5_donorss values('cp449', 'ojv5234', 60, 18, TO_DATE('2021-06-29','YYYY-MM-DD'));
insert into F21_S003_5_donorss values('uh278', 'alv3279', 26, 55, TO_DATE('2018-04-20','YYYY-MM-DD'));
insert into F21_S003_5_donorss values('ul243', 'uvz0186', 65, 34, TO_DATE('2017-01-20','YYYY-MM-DD'));
insert into F21_S003_5_donorss values('pc957', 'drd4820', 83, 48, TO_DATE('2021-02-17','YYYY-MM-DD'));
insert into F21_S003_5_donorss values('pi505', 'keb3006', 29, 69, TO_DATE('2020-07-19','YYYY-MM-DD'));
insert into F21_S003_5_donorss values('ki242', 'abe5586', 68, 98, TO_DATE('2021-11-12','YYYY-MM-DD'));

                             /* Insertion into F21_S003_5_admin_zip_street */ 

insert into F21_S003_5_admin_zip_streett values(78968, '1728 Park Meadow Place');
insert into F21_S003_5_admin_zip_streett values(42458, '52 Crowley Avenue');
insert into F21_S003_5_admin_zip_streett values(48317, '280 Colorado Terrace');
insert into F21_S003_5_admin_zip_streett values(17792, '8511 Steensland Park');
insert into F21_S003_5_admin_zip_streett values(22626, '0 Monica Center');
insert into F21_S003_5_admin_zip_streett values(61677, '02 Corben Center');
insert into F21_S003_5_admin_zip_streett values(54857, '952 Badeau Hill');
insert into F21_S003_5_admin_zip_streett values(3468, '838 Straubel Park');
insert into F21_S003_5_admin_zip_streett values(50068, '460 Claremont Point');
insert into F21_S003_5_admin_zip_streett values(90118, '8674 Bultman Parkway');
insert into F21_S003_5_admin_zip_streett values(27396, '6175 Dawn Plaza');
insert into F21_S003_5_admin_zip_streett values(86258, '0655 Stang Street');
insert into F21_S003_5_admin_zip_streett values(79488, '0826 Hauk Street');
insert into F21_S003_5_admin_zip_streett values(29507, '79546 Almo Road');
insert into F21_S003_5_admin_zip_streett values(84613, '8275 Carpenter Circle');
insert into F21_S003_5_admin_zip_streett values(79129, '12740 Starling Street');
insert into F21_S003_5_admin_zip_streett values(25615, '28 Continental Parkway');
insert into F21_S003_5_admin_zip_streett values(42070, '35577 Burning Wood Stree');
insert into F21_S003_5_admin_zip_streett values(17553, '2 Milwaukee Center');
insert into F21_S003_5_admin_zip_streett values(81390, '9189 Westerfield Road');

 
                                                  /* Insertion into F21_S003_5_admin */

insert into F21_S003_5_adminn values('ad427', 'gx993', 'ah752', 'Garry', 'Los Angeles', 78968, 'California');
insert into F21_S003_5_adminn values('ad416', 'tc226','mg978', 'Bartlett', 'Henderson', 42458, 'Nevada');
insert into F21_S003_5_adminn values('ad185','ye417', 'fe436', 'Hewet', 'Indianapolis', 48317, 'Indiana');
insert into F21_S003_5_adminn values('ad579','es424','zf997', 'Rahal', 'Baton Rouge', 17792, 'Louisiana');
insert into F21_S003_5_adminn values('ad605','ut974','gl349', 'Wynnie', 'Phoenix', 22626, 'Arizona');
insert into F21_S003_5_adminn values('ad371','qg168','tk856', 'Caterina', 'Fresno', 61677, 'California');
insert into F21_S003_5_adminn values('ad058','bu549','zc034', 'Jerrold',	'Fort Wayne', 54857, 'Indiana');
insert into F21_S003_5_adminn values('ad200','ts374','ws184','Huey', 'Virginia Beach', 3468, 'Virginia');
insert into F21_S003_5_adminn values('ad110','ka535','rd811', 'Monty', 'Durham',	50068, 'North Carolina');
insert into F21_S003_5_adminn values('ad920','nz272','mh819', 'Tersina',	'Corpus Christi', 90118, 'Texas');
insert into F21_S003_5_adminn values('ad391','sa574','wj903','Dani', 'Chula Vista', 27396,'California');
insert into F21_S003_5_adminn values('ad161','vr778','hr897','Saundra', 'Kansas City', 86258,'Missouri');
insert into F21_S003_5_adminn values('ad450','dr259','dp433', 'Marlo', 'Santa Ana', 79488, 'California');
insert into F21_S003_5_adminn values('ad326','vd430','vs822','Tabbatha',	'North Hempstead', 29507, 'New York');
insert into F21_S003_5_adminn values('ad382','dr259', 'dp433', 'Gene', 'Modesto', 84613,	'California');
insert into F21_S003_5_adminn values('ad533','vd430','vs822','Hakim', 'San Francisco', 79129,'California');
insert into F21_S003_5_adminn values('ad712','ss459','rk219','Mandel', 'St. Paul', 25615, 'Minnesota');
insert into F21_S003_5_adminn values('ad490','m502','ge865', 'Codie', 'Akron', 42070, 'Ohio');
insert into F21_S003_5_adminn values('ad847','ub148','it135', 'Zarla', 'Miami', 17553, 'Florida');
insert into F21_S003_5_adminn values('ad607','mq812','dw292','Courtnay', 'Memphis',81390, 'Tennessee');


                                                  /* Insertion into F21_S003_5_admin_email */

insert into F21_S003_5_admin_emaill values('ad427', 'tshallcrass0@gmail.com');
insert into F21_S003_5_admin_emaill values('ad416', 'dgrigorkin1@yahoo.com');
insert into F21_S003_5_admin_emaill values('ad185', 'msawle2@gmail.com');
insert into F21_S003_5_admin_emaill values('ad579', 'vstygall3@gmail.com');
insert into F21_S003_5_admin_emaill values('ad607', 'tginnally4@yahoo.com');
insert into F21_S003_5_admin_emaill values('ad371', 'eheberden5@yahoo.com');
insert into F21_S003_5_admin_emaill values('ad058', 'gwatkinson6@gmail.com');
insert into F21_S003_5_admin_emaill values('ad200', 'asabates7@yahoo.com');
insert into F21_S003_5_admin_emaill values('ad110', 'rairdrie8@gmail.com');
insert into F21_S003_5_admin_emaill values('ad920', 'rjurzyk9@gmail.com');
insert into F21_S003_5_admin_emaill values('ad391', 'ndarrigonea@yahoo.com');
insert into F21_S003_5_admin_emaill values('ad161',  'brosenzwigb@yahoo.com');
insert into F21_S003_5_admin_emaill values('ad450', 'achildc@gmail.com');
insert into F21_S003_5_admin_emaill values('ad326', 'alyfordd@gmail.com');
insert into F21_S003_5_admin_emaill values('ad382', 'thuertase@yahoo.com');
insert into F21_S003_5_admin_emaill values('ad533', 'tbenardettef@yahoo.com');
insert into F21_S003_5_admin_emaill values('ad712', 'csnoddong@gmail.com');
insert into F21_S003_5_admin_emaill values('ad490', 'mphonixh@yahoo.com');
insert into F21_S003_5_admin_emaill values('ad847', 'nwalpolei@gmail.com');
insert into F21_S003_5_admin_emaill values('ad605', 'bpacherj@gmail.com');

                                         /* Insertion into  F21_S003_5_Blood_bankk */

insert into F21_S003_5_Blood_bankkk values('yj319', 'ah752', 'Blossom Bloodbank', 376, 54, 713, 162, 655, 628, 233, 103);
insert into F21_S003_5_Blood_bankkk values('sj155', 'mg978', 'NCS HealthCare of KY, Inc dba Vangard Bloodbank',	680,360, 707, 985, 996, 170, 511,254);
insert into F21_S003_5_Blood_bankkk values('rm816', 'fe436', 'Exelan Bloodbank',	821, 342, 760, 185, 931, 357, 232, 531);
insert into F21_S003_5_Blood_bankkk values('zw744', 'zf997', 'Peaceful Mountain Bloodbank', 953, 947, 60, 430, 154, 274, 702, 863);
insert into F21_S003_5_Blood_bankkk values('bz867', 'gl349', 'EKR Bloodbank', 168, 407, 247, 914, 101, 362, 659, 570);
insert into F21_S003_5_Blood_bankkk values('bx434', 'tk856', 'WALGREEN Bloodbank', 36,988 ,725, 407, 47, 649, 814, 860);
insert into F21_S003_5_Blood_bankkk values('bk446', 'zc034', 'REMEDYRACK Bloodbank', 986, 592, 815, 39, 779, 70, 962, 247);
insert into F21_S003_5_Blood_bankkk values('nr503', 'ws184', 'TopCare Associates Bloodbank', 890, 335, 499, 62, 406, 500, 17, 250);
insert into F21_S003_5_Blood_bankkk values('vv047', 'rd811', 'Cardinal Health Bloodbank', 218, 775, 214,	350, 342, 239, 298, 326);
insert into F21_S003_5_Blood_bankkk values('ob884', 'mh819', '21st Century Bloodbank', 390, 696, 761, 144, 315, 16, 50, 421);
insert into F21_S003_5_Blood_bankkk values('um532', 'wj903', 'PACK Bloodbank', 898, 37, 735, 772, 357, 599, 703, 573);
insert into F21_S003_5_Blood_bankkk values('ds028', 'hr897', 'REMEDYREPACK Bloodbank', 691, 852, 609, 166, 62, 155, 351,	107);
insert into F21_S003_5_Blood_bankkk values('sm309', 'vs822', 'Aidarex Bloodbank', 775, 940, 916, 378, 185, 350, 42, 279);
insert into F21_S003_5_Blood_bankkk values('kt897', 'rk219', 'HUSH Bloodbank', 867, 630,	387, 183, 527,	387, 138, 781);
insert into F21_S003_5_Blood_bankkk values('kh927', 'ge865', 'Ascend Bloodbank', 878, 445, 256, 769, 561, 110, 119, 534);
insert into F21_S003_5_Blood_bankkk values('zz030', 'it135', 'REME Bloodbank', 488, 483, 707, 768, 654, 706, 837, 433);
insert into F21_S003_5_Blood_bankkk values('zs106', 'dw292', 'Boston Bloodbank', 583, 62, 473, 887, 179,	510, 918, 283);
insert into F21_S003_5_Blood_bankkk values('ww110', 'bl288', 'Major Bloodbank', 698, 808, 709, 202, 910,	988, 162, 741);
insert into F21_S003_5_Blood_bankkk values('ty743', 'bn037', 'Papermates Bloodbank', 151, 775, 348, 352,	954, 355, 430, 564);
insert into F21_S003_5_Blood_bankkk values('yz530', 'gj127', 'Uriel Bloodbank', 607, 325, 919, 246, 174,	971, 723, 341);
insert into F21_S003_5_Blood_bankkk values('xm142', 'pb802', 'United  Bloodbank', 282, 448, 678,	855, 244, 95, 294, 534);
insert into F21_S003_5_Blood_bankkk values('ay891', 'ai212', 'INNOVATION Bloodbank', 499, 380, 183, 308,	799, 459, 413, 869);
insert into F21_S003_5_Blood_bankkk values('fg259', 'fy212', 'Apotheca Bloodbank', 233, 912, 213, 572, 321, 728,	765, 283);
insert into F21_S003_5_Blood_bankkk values('yp296', 'cp449', 'Belize Bloodbank', 757, 505, 897, 580, 918, 815, 798, 114);
insert into F21_S003_5_Blood_bankkk values('nk751', 'uh278', 'KAS Direct Bloodbank', 54,	722, 499, 303, 455, 776, 401, 245);
insert into F21_S003_5_Blood_bankkk values('ic846', 'ul243',  'American Bloodbank', 360,	779, 787, 349, 948, 587, 307, 218);


                                        /* Insertion into F21_S003_5_blood_bank_contact_no */

insert into F21_S003_5_blood_bank_contact_noo values('yj319', 6641504957);
insert into F21_S003_5_blood_bank_contact_noo values('sj155', 479620427);
insert into F21_S003_5_blood_bank_contact_noo values('rm816', 3399432592);
insert into F21_S003_5_blood_bank_contact_noo values('zw744', 4627735311);
insert into F21_S003_5_blood_bank_contact_noo values('bz867', 5346875211);
insert into F21_S003_5_blood_bank_contact_noo values('bx434', 3398570141);
insert into F21_S003_5_blood_bank_contact_noo values('bk446', 3859223880);
insert into F21_S003_5_blood_bank_contact_noo values('nr503', 2578396374);
insert into F21_S003_5_blood_bank_contact_noo values('vv047', 4421784923);
insert into F21_S003_5_blood_bank_contact_noo values('ob884', 8428998129);
insert into F21_S003_5_blood_bank_contact_noo values('um532', 6816262270);
insert into F21_S003_5_blood_bank_contact_noo values('ds028', 8587753660);
insert into F21_S003_5_blood_bank_contact_noo values('sm309', 1319053708);
insert into F21_S003_5_blood_bank_contact_noo values('kt897', 2064206515);
insert into F21_S003_5_blood_bank_contact_noo values('kh927', 5125351940);
insert into F21_S003_5_blood_bank_contact_noo values('zz030', 9805625349);
insert into F21_S003_5_blood_bank_contact_noo values('zs106', 2935473813);
insert into F21_S003_5_blood_bank_contact_noo values('ww110', 2380593106);
insert into F21_S003_5_blood_bank_contact_noo values('ty743', 5611859003);
insert into F21_S003_5_blood_bank_contact_noo values('yz530', 9818331320);
insert into F21_S003_5_blood_bank_contact_noo values('xm142', 7891412512);
insert into F21_S003_5_blood_bank_contact_noo values('ay891', 7309203176);
insert into F21_S003_5_blood_bank_contact_noo values('fg259', 1872885670);
insert into F21_S003_5_blood_bank_contact_noo values('yp296', 7461732080);
insert into F21_S003_5_blood_bank_contact_noo values('nk751', 2839625798);
insert into F21_S003_5_blood_bank_contact_noo values('ic846', 8083938077);

                                         /* Insertion into F21_S003_5_hospital_details */

insert into F21_S003_5_hospital_detailss values('zv121',	'Livefish Hospital', 'yj319', 'ad427', 101, 409, 469, 305, 421, 793, 520, 117);
insert into F21_S003_5_hospital_detailss values('jd429',	'Tavu Hospital', 'sj155', 'ad416', 25, 850, 807, 6, 292, 855, 635, 530);
insert into F21_S003_5_hospital_detailss values('kn404',	'Wordtune Hospital', 'rm816', 'ad185', 240, 328, 638, 550, 743, 916, 995, 57);
insert into F21_S003_5_hospital_detailss values('sk551', 'Camido Hospital', 'zw744', 'ad579', 581, 640 ,143, 184, 289, 354, 302,	691);
insert into F21_S003_5_hospital_detailss values('mf968',	'Riffpath Hospital', 'bz867', 'ad607', 918, 197, 992, 817, 357,	170, 461, 55);
insert into F21_S003_5_hospital_detailss values('ry640',	'Quamba Hospital', 'bx434', 'ad371', 620, 701, 304, 249, 143, 201, 338,	153);
insert into F21_S003_5_hospital_detailss values('ph694',	'Livetube Hospital', 'bk446', 'ad058',	63, 300, 616, 194, 996,	854, 363, 893);
insert into F21_S003_5_hospital_detailss values('bo255',	'Eamia Hospital', 'nr503', 'ad200', 808, 955, 178, 767, 526, 791, 235, 678);
insert into F21_S003_5_hospital_detailss values('rw613',	'Fliptune Hospital', 'vv047', 'ad110', 760, 89,	524, 503, 890, 268, 761, 982);
insert into F21_S003_5_hospital_detailss values('es302',	'Zoovu Hospital', 'ob884', 'ad920', 480, 64, 403, 243, 19, 284,	13, 54);
insert into F21_S003_5_hospital_detailss values('ty744', 'Mycat Hospital', 'um532',  'ad391', 546, 464, 710, 924, 94, 627, 852, 264);
insert into F21_S003_5_hospital_detailss values('ik747',	'Riffpath Hospital', 'ds028', 'ad161', 624, 299, 432, 208, 772, 983, 591, 836);
insert into F21_S003_5_hospital_detailss values('sb542',	'Bubblebox Hospital', 'sm309',	'ad450',  302, 146, 506, 356, 429, 356, 438, 751);
insert into F21_S003_5_hospital_detailss values('sj625',	'Meembee Hospital', 'kt897', 'ad326', 130, 242, 987, 479, 59, 142, 963, 906);
insert into F21_S003_5_hospital_detailss values('vf787',	'Shuffledrive Hospital', 'kh927', 'ad382', 357,	31, 733, 527, 557, 660, 371, 128);
insert into F21_S003_5_hospital_detailss values('ra467',	'Centizu Hospital', 'zz030', 'ad533', 827, 458, 606, 654, 309, 853, 53, 423);
insert into F21_S003_5_hospital_detailss values('vd709',	'JumpXS Hospital', 'zs106', 'ad712', 445, 195, 864, 526, 371, 599, 719, 586);
insert into F21_S003_5_hospital_detailss values('xz960',	'Wordware Hospital', 'ww110', 'ad490', 866, 729, 394, 827, 544,	835, 131, 655);
insert into F21_S003_5_hospital_detailss values('vk509',	'Skyndu Hospital', 'ty743', 'ad847', 428, 432, 520, 268, 403, 751, 133,	610);
insert into F21_S003_5_hospital_detailss values('qd137',	'Demivee Hospital', 'yz530', 'ad605', 128, 150, 325, 843, 334, 505, 785, 338);


                                 /* Insertion into F21_S003_5_hospital_adress */

insert into F21_S003_5_hospital_adresss values('zv121', '46 Oneill Alley', '46 Oneill Alley');
insert into F21_S003_5_hospital_adresss values('jd429', '7986 Morrow Point', '7986 Morrow Point');
insert into F21_S003_5_hospital_adresss values('kn404',	'9 Grayhawk Park', '9 Grayhawk Park');
insert into F21_S003_5_hospital_adresss values('sk551',	'69973 Lighthouse Bay Point', '69973 Lighthouse Bay Point');
insert into F21_S003_5_hospital_adresss values('mf968',	'6 Grim Way', '6 Grim Way');
insert into F21_S003_5_hospital_adresss values('ry640',	'98140 Rieder Terrace',	'98140 Rieder Terrace');
insert into F21_S003_5_hospital_adresss values('ph694',	'10 Killdeer Center',	'10 Killdeer Center');
insert into F21_S003_5_hospital_adresss values('bo255',	'1 Ronald Regan Parkway', '1 Ronald Regan Parkway');
insert into F21_S003_5_hospital_adresss values('rw613',	'87 Red Cloud Alley', '87 Red Cloud Alley');
insert into F21_S003_5_hospital_adresss values('es302',	'4826 Westerfield Terrace', '4826 Westerfield Terrace');
insert into F21_S003_5_hospital_adresss values('ty744',	'9 Onsgard Lane', '9 Onsgard Lane');
insert into F21_S003_5_hospital_adresss values('ik747',	'207 Walton Hill', '207 Walton Hill');
insert into F21_S003_5_hospital_adresss values('sb542',	'794 Autumn Leaf Plaza', '794 Autumn Leaf Plaza');
insert into F21_S003_5_hospital_adresss values('sj625',	'665 Superior Plaza', '665 Superior Plaza');
insert into F21_S003_5_hospital_adresss values('vf787',	'9 Bowman Plaza', '9 Bowman Plaza');
insert into F21_S003_5_hospital_adresss values('ra467',	'0950 Fairview Court', '0950 Fairview Court');
insert into F21_S003_5_hospital_adresss values('vd709',	'273 Ridgeway Road', '273 Ridgeway Road');
insert into F21_S003_5_hospital_adresss values('xz960',	'9549 Texas Place', '9549 Texas Place');
insert into F21_S003_5_hospital_adresss values('vk509',	'759 International Park', '759 International Park');
insert into F21_S003_5_hospital_adresss values('qd137',	'167 Roxbury Junction',	'167 Roxbury Junction');

                               /* Insertion into F21_S003_5_reports */

insert into F21_S003_5_reportss values('rr188' , TO_DATE('2017-11-13', 'YYYY-MM-DD'), 'ah752' );
insert into F21_S003_5_reportss values('rr945 ' , TO_DATE('2014-01-23', 'YYYY-MM-DD'), 'mg978' );
insert into F21_S003_5_reportss values('rr582 ' , TO_DATE('2020-12-30', 'YYYY-MM-DD'), 'fe436' );
insert into F21_S003_5_reportss values('rr161 ' , TO_DATE('2015-10-03', 'YYYY-MM-DD'), 'zf997' );
insert into F21_S003_5_reportss values('rr212 ' , TO_DATE('2020-11-13', 'YYYY-MM-DD'), 'gl349' );
insert into F21_S003_5_reportss values('rr748 ' , TO_DATE('2018-11-13', 'YYYY-MM-DD'), 'tk856' );
insert into F21_S003_5_reportss values('rr286 ' , TO_DATE('2019-10-15', 'YYYY-MM-DD'), 'zc034' );
insert into F21_S003_5_reportss values('rr415 ' , TO_DATE('2018-10-10', 'YYYY-MM-DD'), 'ws184' );
insert into F21_S003_5_reportss values('rr527 ' , TO_DATE('2015-03-23', 'YYYY-MM-DD'), 'rd811' );
insert into F21_S003_5_reportss values('rr657 ' , TO_DATE('2021-12-13', 'YYYY-MM-DD'), 'mh819' );
insert into F21_S003_5_reportss values('rr900 ' , TO_DATE('2017-04-13', 'YYYY-MM-DD'),'wj903' );
insert into F21_S003_5_reportss values('rr249 ' , TO_DATE('2020-06-13', 'YYYY-MM-DD'), 'hr897' );
insert into F21_S003_5_reportss values('rr732 ' , TO_DATE('2019-07-11', 'YYYY-MM-DD'), 'dp433' );
insert into F21_S003_5_reportss values('rr238 ' , TO_DATE('2021-01-13', 'YYYY-MM-DD'), 'vs822' );
insert into F21_S003_5_reportss values('rr022 ' , TO_DATE('2018-04-10', 'YYYY-MM-DD'), 'rk219' );
insert into F21_S003_5_reportss values('rr604 ' , TO_DATE('2021-06-13', 'YYYY-MM-DD'), 'ge865' );
insert into F21_S003_5_reportss values('rr234 ' , TO_DATE('2017-11-01', 'YYYY-MM-DD'), 'ki242' );
insert into F21_S003_5_reportss values('rr574 ' , TO_DATE('2017-06-06', 'YYYY-MM-DD'), 'it135' );
insert into F21_S003_5_reportss values('rr509 ' , TO_DATE('2021-07-07', 'YYYY-MM-DD'), 'dw292' );
insert into F21_S003_5_reportss values('rr500 ' , TO_DATE('2020-08-07', 'YYYY-MM-DD'), 'cp449' );

COMMIT


